SK_ID_BUREAU,MONTHS_BALANCE,STATUS
5228926,-47,C
5228926,-48,C
5228926,-49,C
5228926,-50,C
5228926,-51,C
5228926,-52,0
5228926,-53,X
5228928,0,C
5228928,-1,C
5228928,-2,C
5228928,-3,C
5228928,-4,C
5228928,-5,C
5228928,-6,C
5228928,-7,C
5228928,-8,C
5228928,-9,C
5228928,-10,C
5228928,-11,C
5228928,-12,C
5228928,-13,1
5228928,-14,0
5228928,-15,0
5228928,-16,0
5228928,-17,0
5228928,-18,2
5228928,-19,1
5228928,-20,1
5228928,-21,1
5228928,-22,1
5228928,-23,0
5228928,-24,0
5228928,-25,0
5228928,-26,0
5228928,-27,0
5228928,-28,0
5228928,-29,0
5228928,-30,0
5228929,0,C
5228929,-1,C
5228929,-2,C
5228929,-3,C
5228929,-4,C
5228929,-5,C
5228929,-6,C
5228929,-7,C
5228929,-8,C
5228929,-9,C
5228929,-10,C
5228929,-11,C
5228929,-12,C
5228929,-13,0
5228929,-14,0
5228929,-15,0
5228929,-16,0
5228929,-17,0
5228930,0,C
5228930,-1,C
5228930,-2,C
5228930,-3,C
5228930,-4,0
5228930,-5,X
5731023,0,C
5731023,-1,C
5731023,-2,C
5731023,-3,C
5731023,-4,C
5731023,-5,C
5731023,-6,C
5731023,-7,C
5731023,-8,C
5731023,-9,C
5731023,-10,C
5731023,-11,C
5731023,-12,C
5731023,-13,C
5731023,-14,C
5731023,-15,C
5731023,-16,C
5731023,-17,C
5731023,-18,C
5731023,-19,0
5731023,-20,0
5731023,-21,0
5731023,-22,0
5731024,0,C
5731024,-1,C
5731024,-2,C
5731024,-3,C
5731024,-4,C
5731024,-5,C
5731024,-6,C
5731024,-7,0
5731024,-8,0
5731024,-9,0
5731024,-10,0
5731024,-11,0
5731024,-12,0
5731024,-13,0
5731024,-14,0
5731025,0,0
5731025,-1,0
5731025,-2,0
5731025,-3,0
5731025,-4,0
5731025,-5,0
5731025,-6,0
6560507,0,X
6560507,-1,X
6560507,-2,X
6560507,-3,X
6560507,-4,X
6560507,-5,X
6560507,-6,X
6560507,-7,X
6560507,-8,X
6560507,-9,X
6560507,-10,X
6560507,-11,X
6560507,-12,X
6560507,-13,X
6560507,-14,X
6560507,-15,X
6560507,-16,X
6560507,-17,X
6560507,-18,X
6560507,-19,X
6560507,-20,X
6560507,-21,X
6560507,-22,X
6560507,-23,X
6560507,-24,X
6560507,-25,X
6560507,-26,X
6560507,-27,X
6560507,-28,X
6560507,-29,X
6560507,-30,X
6560507,-31,X
6560507,-32,X
6560507,-33,X
6560507,-34,X
6560507,-35,X
6560507,-36,X
6560507,-37,X
6560507,-38,X
6560507,-39,X
6560507,-40,X
6560507,-41,X
6560507,-42,X
6560507,-43,X
6560507,-44,X
6560507,-45,X
6560507,-46,X
6560507,-47,X
6560507,-48,X
6560507,-49,X
6560507,-50,X
6560507,-51,X
6560507,-52,X
6560507,-53,X
6560507,-54,X
6560508,-25,X
6560508,-26,X
6560508,-27,X
6560508,-28,X
6560508,-29,X
6560508,-30,X
6560508,-31,X
6560508,-32,X
6560508,-33,X
6560508,-34,X
6560508,-35,X
6560508,-36,X
6560508,-37,X
6560508,-38,X
6560508,-39,X
6560508,-40,X
6560508,-41,X
6560508,-42,X
6560508,-43,X
6560508,-44,X
6560508,-45,X
6560508,-46,X
6560508,-47,X
6560508,-48,X
6560508,-49,X
6560508,-50,X
6560508,-51,X
6560508,-52,X
6560508,-53,X
6560508,-54,X
6560508,-55,X
6560508,-56,X
6560508,-57,X
6560508,-58,X
6560508,-59,X
6560508,-60,X
6560508,-61,X
6560508,-62,X
6560508,-63,X
6560508,-64,X
6560508,-65,X
6560508,-66,X
6560508,-67,X
6560508,-68,X
6560508,-69,X
6560508,-70,X
6560508,-71,X
6560508,-72,X
6560508,-73,X
6560508,-74,X
6560508,-75,X
6560508,-76,X
6560508,-77,X
6560508,-78,X
6560508,-79,X
6560508,-80,X
6560508,-81,X
6560508,-82,X
6560508,-83,X
6560508,-84,X
6560508,-85,X
6560508,-86,X
6560508,-87,X
6560509,-86,X
6560509,-87,0
6560509,-88,X
6560509,-89,0
6560509,-90,X
6586625,-36,C
6586625,-37,C
6586625,-38,C
6586625,-39,C
6586625,-40,C
6586625,-41,C
6586625,-42,C
6586625,-43,C
6586625,-44,C
6586625,-45,C
6586625,-46,C
6586625,-47,C
6586625,-48,C
6586625,-49,C
6586625,-50,0
6586625,-51,0
6586625,-52,0
6586625,-53,0
6586625,-54,0
6586625,-55,X
6586626,0,0
6586626,-1,0
6586626,-2,0
6586626,-3,0
6586626,-4,0
6586626,-5,X
6587425,0,C
6587425,-1,C
6587425,-2,C
6587425,-3,C
6587425,-4,C
6587425,-5,C
6587425,-6,C
6587425,-7,C
6587425,-8,C
6587425,-9,C
6587425,-10,C
6587425,-11,C
6587425,-12,C
6587425,-13,C
6587425,-14,C
6587425,-15,C
6587425,-16,C
6587425,-17,C
6587425,-18,C
6587425,-19,C
6587425,-20,C
6587425,-21,C
6587425,-22,C
6587425,-23,C
6587425,-24,C
6587425,-25,C
6587425,-26,C
6587425,-27,C
6587425,-28,C
6587425,-29,C
6587425,-30,C
6587425,-31,C
6587425,-32,C
6587425,-33,C
6587425,-34,C
6587425,-35,C
6587425,-36,C
6587425,-37,C
6587425,-38,C
6587425,-39,C
6587425,-40,C
6587425,-41,C
6587425,-42,C
6587425,-43,C
6587425,-44,C
6587425,-45,C
6587425,-46,C
6587425,-47,C
6587425,-48,C
6587425,-49,C
6587425,-50,C
6587425,-51,C
6587425,-52,C
6587425,-53,C
6587425,-54,C
6587425,-55,C
6587425,-56,X
6587425,-57,X
6587425,-58,X
6587425,-59,X
6587425,-60,X
6587425,-61,X
6587425,-62,X
6587425,-63,X
6587425,-64,X
6587425,-65,X
6587425,-66,X
6587425,-67,X
6587425,-68,X
6587425,-69,X
6587425,-70,X
6587426,0,C
6587426,-1,C
6587426,-2,C
6587426,-3,C
6587426,-4,C
6587426,-5,C
6587426,-6,C
6587426,-7,C
6587426,-8,C
6587426,-9,C
6587426,-10,C
6587426,-11,C
6587426,-12,C
6587426,-13,C
6587426,-14,C
6587426,-15,C
6587426,-16,C
6587426,-17,C
6587426,-18,C
6587426,-19,C
6587426,-20,C
6587426,-21,C
6587426,-22,C
6587426,-23,C
6587426,-24,C
6587426,-25,C
6587426,-26,C
6587426,-27,C
6587426,-28,C
6587426,-29,C
6587426,-30,C
6587426,-31,C
6587426,-32,C
6587426,-33,C
6587426,-34,C
6587426,-35,C
6587426,-36,C
6587426,-37,C
6587426,-38,C
6587426,-39,C
6587426,-40,C
6587426,-41,C
6587426,-42,C
6587426,-43,C
6587426,-44,C
6587426,-45,C
6587426,-46,C
6587426,-47,C
6587426,-48,C
6587426,-49,C
6587426,-50,C
6587426,-51,C
6587426,-52,C
6587426,-53,C
6587426,-54,C
6587426,-55,C
6587426,-56,C
6587426,-57,C
6587426,-58,C
6587426,-59,C
6587426,-60,C
6587426,-61,C
6587426,-62,0
6587426,-63,0
6587426,-64,0
6587426,-65,0
6587426,-66,0
6587426,-67,0
6587426,-68,0
6587426,-69,0
6587427,0,C
6587427,-1,C
6587427,-2,C
6587427,-3,C
6587427,-4,C
6587427,-5,C
6587427,-6,C
6587427,-7,C
6587427,-8,C
6587427,-9,C
6587427,-10,C
6587427,-11,C
6587427,-12,C
6587427,-13,C
6587427,-14,C
6587427,-15,C
6587427,-16,C
6587427,-17,C
6587427,-18,C
6587427,-19,C
6587427,-20,C
6587427,-21,C
6587427,-22,C
6587427,-23,C
6587427,-24,C
6587427,-25,C
6587427,-26,C
6587427,-27,C
6587427,-28,C
6587427,-29,C
6587427,-30,C
6587427,-31,C
6587427,-32,C
6587427,-33,C
6587427,-34,C
6587427,-35,C
6587427,-36,C
6587427,-37,C
6587427,-38,C
6587427,-39,C
6587427,-40,C
6587427,-41,C
6587427,-42,C
6587427,-43,C
6587427,-44,C
6587427,-45,C
6587427,-46,C
6587427,-47,C
6587427,-48,C
6587427,-49,C
6587427,-50,C
6587427,-51,C
6587427,-52,C
6587427,-53,C
6587427,-54,C
6587427,-55,C
6587427,-56,C
6587427,-57,0
6587427,-58,0
6587427,-59,0
6587427,-60,0
6587428,0,C
6587428,-1,C
6587428,-2,C
6587428,-3,C
6587428,-4,C
6587428,-5,C
6587428,-6,C
6587428,-7,C
6587428,-8,C
6587428,-9,C
6587428,-10,C
6587428,-11,C
6587428,-12,C
6587428,-13,C
6587428,-14,C
6587428,-15,C
6587428,-16,C
6587428,-17,C
6587428,-18,C
6587428,-19,C
6587428,-20,C
6587428,-21,C
6587428,-22,C
6587428,-23,C
6587428,-24,C
6587428,-25,C
6587428,-26,C
6587428,-27,C
6587428,-28,C
6587428,-29,C
6587428,-30,C
6587428,-31,C
6587428,-32,C
6587428,-33,C
6587428,-34,C
6587428,-35,C
6587428,-36,C
6587428,-37,C
6587428,-38,C
6587428,-39,C
6587428,-40,C
6587428,-41,C
6587428,-42,C
6587428,-43,C
6587428,-44,C
6587428,-45,C
6587428,-46,C
6587428,-47,C
6587428,-48,C
6587428,-49,C
6587428,-50,C
6587428,-51,C
6587428,-52,C
6587428,-53,C
6587428,-54,C
6587428,-55,C
6587428,-56,C
6587428,-57,C
6587428,-58,C
6587428,-59,C
6587428,-60,C
6587428,-61,C
6587428,-62,0
6587428,-63,0
6587428,-64,0
6587428,-65,0
6587428,-66,0
6587429,0,C
6587429,-1,C
6587429,-2,C
6587429,-3,C
6587429,-4,C
6587429,-5,C
6587429,-6,C
6587429,-7,C
6587429,-8,C
6587429,-9,C
6587429,-10,C
6587429,-11,C
6587429,-12,C
6587429,-13,C
6587429,-14,C
6587429,-15,C
6587429,-16,C
6587429,-17,C
6587429,-18,C
6587429,-19,C
6587429,-20,C
6587429,-21,C
6587429,-22,C
6587429,-23,C
6587429,-24,C
6587429,-25,C
6587429,-26,0
6587429,-27,0
6587429,-28,0
6587429,-29,0
6587429,-30,0
6587429,-31,0
6587429,-32,0
6587429,-33,0
6587429,-34,0
6587430,0,C
6587430,-1,C
6587430,-2,C
6587430,-3,C
6587430,-4,C
6587430,-5,C
6587430,-6,C
6587430,-7,C
6587430,-8,C
6587430,-9,C
6587430,-10,C
6587430,-11,C
6587430,-12,C
6587430,-13,C
6587430,-14,C
6587430,-15,C
6587430,-16,C
6587430,-17,C
6587430,-18,C
6587430,-19,C
6587430,-20,C
6587430,-21,C
6587430,-22,C
6587430,-23,C
6587430,-24,C
6587430,-25,C
6587430,-26,C
6587430,-27,C
6587430,-28,C
6587430,-29,C
6587430,-30,C
6587430,-31,C
6587430,-32,C
6587430,-33,C
6587430,-34,C
6587430,-35,C
6587430,-36,C
6587430,-37,C
6587430,-38,C
6587430,-39,C
6587430,-40,C
6587430,-41,C
6587430,-42,C
6587430,-43,C
6587430,-44,C
6587430,-45,C
6587430,-46,C
6587430,-47,C
6587430,-48,0
6587430,-49,0
6587431,0,C
6587431,-1,C
6587431,-2,C
6587431,-3,C
6587431,-4,C
6587431,-5,C
6587431,-6,C
6587431,-7,C
6587431,-8,C
6587431,-9,C
6587431,-10,C
6587431,-11,C
6587431,-12,C
6587431,-13,C
6587431,-14,C
6587431,-15,C
6587431,-16,C
6587431,-17,C
6587431,-18,C
6587431,-19,C
6587431,-20,C
6587431,-21,C
6587431,-22,C
6587431,-23,C
6587431,-24,C
6587431,-25,C
6587431,-26,C
6587431,-27,C
6587431,-28,C
6587431,-29,C
6587431,-30,C
6587431,-31,C
6587431,-32,C
6587431,-33,C
6587431,-34,C
6587431,-35,C
6587431,-36,C
6587431,-37,C
6587431,-38,C
6587431,-39,C
6587431,-40,C
6587431,-41,C
6587431,-42,C
6587431,-43,C
6587431,-44,C
6587431,-45,C
6587431,-46,C
6587431,-47,C
6587431,-48,C
6587431,-49,C
6587431,-50,C
6587431,-51,C
6587431,-52,C
6587431,-53,C
6587431,-54,0
6587431,-55,0
6587431,-56,0
6587431,-57,0
6587431,-58,0
6587432,0,C
6587432,-1,C
6587432,-2,C
6587432,-3,C
6587432,-4,C
6587432,-5,C
6587432,-6,C
6587432,-7,C
6587432,-8,C
6587432,-9,C
6587432,-10,C
6587432,-11,C
6587432,-12,C
6587432,-13,C
6587432,-14,C
6587432,-15,C
6587432,-16,C
6587432,-17,C
6587432,-18,C
6587432,-19,C
6587432,-20,C
6587432,-21,C
6587432,-22,C
6587432,-23,C
6587432,-24,C
6587432,-25,C
6587432,-26,C
6587432,-27,C
6587432,-28,C
6587432,-29,C
6587432,-30,C
6587432,-31,C
6587432,-32,C
6587432,-33,C
6587432,-34,C
6587432,-35,C
6587432,-36,C
6587432,-37,C
6587432,-38,C
6587432,-39,C
6587432,-40,C
6587432,-41,C
6587432,-42,C
6587432,-43,C
6587432,-44,C
6587432,-45,C
6587432,-46,C
6587432,-47,C
6587433,0,C
6587433,-1,C
6587433,-2,C
6587433,-3,C
6587433,-4,C
6587433,-5,C
6587433,-6,C
6587433,-7,C
6587433,-8,C
6587433,-9,C
6587433,-10,C
6587433,-11,C
6587433,-12,C
6587433,-13,C
6587433,-14,C
6587433,-15,C
6587433,-16,C
6587433,-17,C
6587433,-18,C
6587433,-19,C
6587433,-20,C
6587433,-21,C
6587433,-22,C
6587433,-23,C
6587433,-24,C
6587433,-25,C
6587433,-26,C
6587433,-27,C
6587433,-28,C
6587433,-29,C
6587433,-30,C
6587433,-31,C
6587433,-32,C
6587433,-33,C
6587433,-34,C
6587433,-35,C
6587433,-36,C
6587433,-37,C
6587433,-38,C
6587433,-39,C
6587433,-40,C
6587433,-41,0
6587433,-42,0
6587433,-43,X
6587434,0,C
6587434,-1,C
6587434,-2,C
6587434,-3,C
6587434,-4,C
6587434,-5,C
6587434,-6,C
6587434,-7,C
6587434,-8,C
6587434,-9,C
6587434,-10,C
6587434,-11,C
6587434,-12,C
6587434,-13,C
6587434,-14,C
6587434,-15,C
6587434,-16,C
6587434,-17,C
6587434,-18,C
6587434,-19,C
6587434,-20,C
6587434,-21,C
6587434,-22,C
6587434,-23,C
6587434,-24,C
6587434,-25,C
6587434,-26,C
6587434,-27,C
6587434,-28,C
6587434,-29,0
6587434,-30,0
6587434,-31,0
6587434,-32,0
6587435,0,C
6587435,-1,C
6587435,-2,C
6587435,-3,C
6587435,-4,C
6587435,-5,C
6587435,-6,C
6587435,-7,C
6587435,-8,C
6587435,-9,C
6587435,-10,C
6587435,-11,C
6587435,-12,C
6587435,-13,C
6587435,-14,C
6587435,-15,C
6587435,-16,C
6587435,-17,C
6587435,-18,C
6587435,-19,C
6587435,-20,C
6587435,-21,0
6587435,-22,0
6587435,-23,0
6587435,-24,0
6587436,0,C
6587436,-1,C
6587436,-2,C
6587436,-3,C
6587436,-4,C
6587436,-5,C
6587436,-6,C
6587436,-7,C
6587436,-8,C
6587436,-9,C
6587436,-10,C
6587436,-11,C
6587436,-12,C
6587436,-13,C
6587436,-14,C
6587436,-15,C
6587436,-16,C
6587436,-17,C
6587436,-18,0
6587436,-19,X
6587437,0,0
6587437,-1,0
6587437,-2,0
6587437,-3,0
6587438,0,0
6587438,-1,0
6587438,-2,0
6587438,-3,0
6587438,-4,0
6587438,-5,0
6587438,-6,0
6587438,-7,0
6587438,-8,0
6587438,-9,0
6587438,-10,0
6587438,-11,0
6587438,-12,0
6587438,-13,X
6587439,0,C
6587439,-1,C
6587439,-2,C
6587439,-3,C
6587439,-4,C
6587439,-5,C
6587439,-6,C
6587439,-7,C
6587439,-8,C
6587439,-9,C
6587439,-10,C
6587439,-11,C
6587439,-12,C
6587439,-13,C
6587439,-14,C
6587439,-15,C
6587439,-16,C
6587439,-17,C
6587439,-18,C
6587439,-19,C
6587439,-20,C
6587439,-21,C
6587439,-22,C
6587439,-23,C
6587439,-24,C
6587439,-25,C
6587439,-26,C
6587439,-27,C
6587439,-28,C
6587439,-29,C
6587439,-30,C
6587439,-31,C
6587439,-32,C
6587439,-33,C
6587439,-34,0
6587439,-35,0
6587439,-36,0
6587439,-37,0
6587439,-38,0
6587439,-39,0
6587440,0,C
6587440,-1,C
6587440,-2,C
6587440,-3,C
6587440,-4,C
6587440,-5,C
6587440,-6,C
6587440,-7,C
6587440,-8,C
6587440,-9,C
6587440,-10,C
6587440,-11,C
6587440,-12,C
6587440,-13,C
6587440,-14,C
6587440,-15,C
6587440,-16,C
6587440,-17,C
6587440,-18,C
6587440,-19,C
6587440,-20,C
6587440,-21,C
6587440,-22,C
6587440,-23,C
6587440,-24,C
6587440,-25,C
6587440,-26,C
6587440,-27,C
6587440,-28,C
6587440,-29,C
6587440,-30,C
6587440,-31,C
6587440,-32,C
6587440,-33,C
6587440,-34,C
6587440,-35,C
6587440,-36,C
6587440,-37,C
6587440,-38,C
6587440,-39,C
6587440,-40,C
6587440,-41,C
6587440,-42,C
6587440,-43,C
6587440,-44,C
6587440,-45,C
6587440,-46,C
6587440,-47,0
6587440,-48,0
6587440,-49,0
6587440,-50,0
6587440,-51,0
6587440,-52,0
6587440,-53,0
6587440,-54,0
5011284,0,X
5011284,-1,X
5011284,-2,X
5011284,-3,X
5011284,-4,X
5011284,-5,X
5011284,-6,X
5011284,-7,X
5011284,-8,X
5011284,-9,X
5011284,-10,X
5011284,-11,X
5011284,-12,X
5011284,-13,X
5011284,-14,X
5011284,-15,X
5011284,-16,X
5011284,-17,X
5011284,-18,X
5011284,-19,X
5011284,-20,X
5011284,-21,X
5011284,-22,X
5011284,-23,X
5011284,-24,X
5011284,-25,X
5011284,-26,X
5011284,-27,X
5011284,-28,X
5011284,-29,X
5011284,-30,X
5011284,-31,X
5011284,-32,X
5011284,-33,X
5011284,-34,X
5011284,-35,X
5011285,0,X
5011285,-1,X
5011285,-2,X
5011285,-3,X
5011285,-4,X
5011285,-5,X
5011285,-6,X
5011285,-7,X
5011285,-8,X
5011286,0,X
5011286,-1,X
5011286,-2,X
5011286,-3,X
5011288,0,C
5011288,-1,C
5011288,-2,C
5011288,-3,C
5011288,-4,C
5011288,-5,C
5011288,-6,C
5011288,-7,C
5011288,-8,C
5011288,-9,C
5011288,-10,C
5011288,-11,C
5011288,-12,C
5011288,-13,C
5011288,-14,C
5011288,-15,C
5011288,-16,C
5011288,-17,C
5011288,-18,C
5011288,-19,C
5011288,-20,C
5011288,-21,C
5011288,-22,C
5011288,-23,C
5011288,-24,C
5011288,-25,C
5011288,-26,C
5011288,-27,C
5011288,-28,C
5011288,-29,C
5011288,-30,C
5011288,-31,C
5011288,-32,C
5011288,-33,C
5011288,-34,C
5011288,-35,C
5011288,-36,C
5011288,-37,C
5011288,-38,C
5011288,-39,C
5011288,-40,C
5011288,-41,C
5011288,-42,C
5011288,-43,C
5011288,-44,C
5011288,-45,C
5011288,-46,C
5011288,-47,C
5011288,-48,C
5011288,-49,C
5011288,-50,C
5011288,-51,C
5011288,-52,C
5011288,-53,C
5011288,-54,C
5011288,-55,C
5011288,-56,C
5011288,-57,C
5011288,-58,C
5011288,-59,C
5011288,-60,0
5011288,-61,0
5011288,-62,0
5011288,-63,0
5011288,-64,0
5011288,-65,0
5011288,-66,0
5011288,-67,0
5011288,-68,0
5011288,-69,0
5011288,-70,0
5011289,0,C
5011289,-1,C
5011289,-2,C
5011289,-3,C
5011289,-4,C
5011289,-5,C
5011289,-6,C
5011289,-7,C
5011289,-8,C
5011289,-9,C
5011289,-10,C
5011289,-11,C
5011289,-12,C
5011289,-13,C
5011289,-14,C
5011289,-15,C
5011289,-16,C
5011289,-17,C
5011289,-18,C
5011289,-19,C
5011289,-20,C
5011289,-21,C
5011289,-22,C
5011289,-23,C
5011289,-24,C
5011289,-25,C
5011289,-26,C
5011289,-27,C
5011289,-28,C
5011289,-29,C
5011289,-30,C
5011289,-31,C
5011289,-32,C
5011289,-33,C
5011289,-34,C
5011289,-35,C
5011289,-36,C
5011289,-37,C
5011289,-38,C
5011289,-39,C
5011289,-40,C
5011289,-41,C
5011289,-42,C
5011289,-43,C
5011289,-44,C
5011289,-45,C
5011289,-46,C
5011289,-47,C
5011289,-48,C
5011289,-49,C
5011289,-50,C
5011289,-51,C
5011289,-52,C
5011289,-53,C
5011289,-54,C
5011289,-55,C
5011289,-56,C
5011289,-57,C
5011289,-58,C
5011289,-59,C
5011289,-60,C
5011289,-61,X
5011289,-62,X
5011289,-63,X
5011289,-64,X
5011289,-65,X
5011289,-66,X
5011289,-67,X
5011290,0,C
5011290,-1,C
5011290,-2,C
5011290,-3,C
5011290,-4,C
5011290,-5,C
5011290,-6,C
5011290,-7,C
5011290,-8,C
5011290,-9,C
5011290,-10,C
5011290,-11,C
5011290,-12,C
5011290,-13,C
5011290,-14,C
5011290,-15,C
5011290,-16,C
5011290,-17,C
5011290,-18,C
5011290,-19,C
5011290,-20,C
5011290,-21,C
5011290,-22,C
5011290,-23,C
5011290,-24,C
5011290,-25,C
5011290,-26,C
5011290,-27,C
5011290,-28,C
5011290,-29,C
5011290,-30,C
5011290,-31,C
5011290,-32,C
5011290,-33,C
5011290,-34,C
5011290,-35,C
5011290,-36,C
5011290,-37,C
5011290,-38,C
5011290,-39,C
5011290,-40,0
5011290,-41,0
5011290,-42,0
5011290,-43,0
5011290,-44,0
5011290,-45,0
5011291,0,C
5011291,-1,C
5011291,-2,C
5011291,-3,C
5011291,-4,C
5011291,-5,C
5011291,-6,C
5011291,-7,C
5011291,-8,C
5011291,-9,C
5011291,-10,C
5011291,-11,C
5011291,-12,C
5011291,-13,C
5011291,-14,C
5011291,-15,C
5011291,-16,C
5011291,-17,C
5011291,-18,C
5011291,-19,C
5011291,-20,C
5011291,-21,C
5011291,-22,C
5011291,-23,C
5011291,-24,C
5011291,-25,C
5011291,-26,C
5011291,-27,C
5011291,-28,C
5011291,-29,C
5011291,-30,C
5011291,-31,C
5011291,-32,0
5011291,-33,0
5011292,0,0
5011292,-1,0
5011292,-2,0
5011292,-3,0
5011292,-4,0
5011292,-5,0
5011293,0,X
5011293,-1,0
5011293,-2,0
5011293,-3,0
5011293,-4,0
5011293,-5,0
5011294,0,C
5011294,-1,C
5011294,-2,C
5011294,-3,C
5011294,-4,C
5011294,-5,C
5011294,-6,C
5011294,-7,C
5011294,-8,C
5011294,-9,C
5011294,-10,C
5011294,-11,C
5011294,-12,C
5011294,-13,C
5011294,-14,0
5011294,-15,0
5011294,-16,0
5011294,-17,0
5011294,-18,0
5011294,-19,0
5011294,-20,0
5011294,-21,1
5011294,-22,0
5011294,-23,0
5011294,-24,0
5011294,-25,0
5011295,0,C
5011295,-1,C
5011295,-2,C
5011295,-3,C
5011295,-4,C
5011295,-5,C
5011295,-6,C
5011295,-7,C
5011295,-8,C
5011295,-9,C
5011295,-10,C
5011295,-11,C
5011295,-12,C
5011295,-13,C
5011295,-14,C
5011295,-15,C
5011295,-16,C
5011295,-17,C
5011295,-18,C
5011295,-19,C
5011295,-20,C
5011295,-21,C
5011295,-22,C
5011295,-23,C
5011295,-24,C
5011295,-25,C
5011295,-26,C
5011295,-27,C
5011295,-28,C
5011295,-29,C
5011295,-30,C
5011295,-31,C
5011295,-32,C
5011295,-33,C
5011295,-34,C
5011295,-35,C
5011295,-36,C
5011295,-37,C
5011295,-38,C
5011295,-39,C
5011295,-40,C
5011295,-41,C
5011295,-42,C
5011295,-43,C
5011295,-44,C
5011296,0,C
5011296,-1,C
5011296,-2,C
5011296,-3,C
5011296,-4,C
5011296,-5,C
5011296,-6,C
5011296,-7,C
5011296,-8,C
5011296,-9,C
5011296,-10,C
5011296,-11,C
5011296,-12,C
5011296,-13,C
5011296,-14,C
5011296,-15,C
5011296,-16,C
5011296,-17,C
5011296,-18,C
5011296,-19,C
5011296,-20,C
5011296,-21,C
5011296,-22,C
5011296,-23,C
5011296,-24,C
5011296,-25,C
5011296,-26,C
5011296,-27,C
5011296,-28,C
5011296,-29,C
5011296,-30,C
5011296,-31,C
5011296,-32,C
5011296,-33,C
5011296,-34,C
5011296,-35,C
5011296,-36,C
5011296,-37,C
5011296,-38,C
5011296,-39,C
5011296,-40,C
5011296,-41,C
5011296,-42,C
5011296,-43,C
5011296,-44,C
5011296,-45,C
5011296,-46,C
5011296,-47,C
5011296,-48,C
5011296,-49,C
5011296,-50,C
5011296,-51,C
5011296,-52,C
5011296,-53,C
5011296,-54,C
5011296,-55,C
5011296,-56,C
5011296,-57,C
5011296,-58,C
5011296,-59,C
5011296,-60,C
5011296,-61,0
5011296,-62,0
5011296,-63,0
5011296,-64,0
5011296,-65,0
5011296,-66,0
5011296,-67,0
5011296,-68,0
5011296,-69,0
5011296,-70,0
6542408,0,C
6542408,-1,C
6542408,-2,C
6542408,-3,C
6542408,-4,C
6542408,-5,C
6542408,-6,C
6542408,-7,C
6542408,-8,C
6542408,-9,C
6542408,-10,C
6542408,-11,C
6542408,-12,C
6542408,-13,C
6542408,-14,C
6542408,-15,C
6542408,-16,C
6542408,-17,C
6542408,-18,C
6542408,-19,C
6542408,-20,C
6542408,-21,C
6542408,-22,C
6542408,-23,C
6542408,-24,C
6542408,-25,C
6542408,-26,C
6542408,-27,C
6542408,-28,C
6542408,-29,C
6542408,-30,C
6542408,-31,C
6542408,-32,C
6542408,-33,C
6542408,-34,C
6542408,-35,C
6542408,-36,C
6542408,-37,C
6542408,-38,C
6542408,-39,C
6542408,-40,C
6542408,-41,C
6542408,-42,C
6542408,-43,C
6542408,-44,C
6542408,-45,C
6542408,-46,C
6542408,-47,C
6542408,-48,C
6542408,-49,C
6542408,-50,0
6542408,-51,0
6542408,-52,0
6542408,-53,0
6542408,-54,0
6542408,-55,0
6542408,-56,0
6542408,-57,X
6542408,-58,X
6542408,-59,X
6542408,-60,X
6542408,-61,X
6542408,-62,X
6542409,-16,X
6542409,-17,X
6542409,-18,X
6542409,-19,X
6542409,-20,X
6542409,-21,X
6542409,-22,X
6542409,-23,X
6542409,-24,X
6542409,-25,X
6542409,-26,X
6542409,-27,X
6542409,-28,X
6542409,-29,X
6542409,-30,X
6542409,-31,X
6542409,-32,X
6542409,-33,X
6542409,-34,X
6542409,-35,X
6542409,-36,X
6542409,-37,X
6542409,-38,X
6542409,-39,X
6542409,-40,X
6542409,-41,X
6542409,-42,X
6542409,-43,X
6542409,-44,X
6542409,-45,X
6542409,-46,X
6542409,-47,X
6542409,-48,X
6542409,-49,X
6542409,-50,X
6542409,-51,X
6542409,-52,X
6542409,-53,X
6542409,-54,X
6542409,-55,X
6542409,-56,X
6542409,-57,X
6542409,-58,X
6542409,-59,X
6542409,-60,X
6542409,-61,X
6542409,-62,X
6542409,-63,X
6542409,-64,X
6542409,-65,X
6542409,-66,X
6542409,-67,X
6542409,-68,X
6542409,-69,X
6542409,-70,X
6542409,-71,X
6542409,-72,X
6542409,-73,X
6542409,-74,X
6542409,-75,X
6542409,-76,X
6542409,-77,X
6542409,-78,X
6542410,-40,0
6542410,-41,0
6542410,-42,0
6542410,-43,0
6542410,-44,0
6542410,-45,0
6542410,-46,0
6542410,-47,0
6542410,-48,0
6542410,-49,0
6542410,-50,0
6542410,-51,0
6542410,-52,0
6542410,-53,0
6542410,-54,0
6542410,-55,0
6542410,-56,0
6542410,-57,0
6542410,-58,0
6542410,-59,0
6542410,-60,0
6542410,-61,0
6542410,-62,0
6542410,-63,0
6542410,-64,0
6542410,-65,0
6542410,-66,0
6542410,-67,0
6542410,-68,0
6542410,-69,0
6542410,-70,0
6542410,-71,0
6542410,-72,0
6542410,-73,0
6542410,-74,0
6542410,-75,0
6542410,-76,0
6542410,-77,0
6542410,-78,0
6542410,-79,0
6542410,-80,0
6542410,-81,0
6542410,-82,0
6542410,-83,0
6542410,-84,0
6542410,-85,0
6542410,-86,0
6542410,-87,0
6542410,-88,0
6542410,-89,X
6542411,-29,X
6542411,-30,X
6542411,-31,X
6542411,-32,X
6542411,-33,X
6542411,-34,X
6542411,-35,X
6542411,-36,X
6542411,-37,X
6542411,-38,X
6542411,-39,X
6542411,-40,X
6542411,-41,X
6542411,-42,X
6542411,-43,X
6542411,-44,X
6542411,-45,X
6542411,-46,X
6542411,-47,X
6542411,-48,X
6542411,-49,X
6542411,-50,X
6542411,-51,X
6542411,-52,X
6542411,-53,X
6542411,-54,X
6542411,-55,X
6542411,-56,X
6542411,-57,X
6542411,-58,X
6542411,-59,X
6542411,-60,X
6542411,-61,X
6542411,-62,X
6542411,-63,X
6542411,-64,X
6542411,-65,X
6542411,-66,X
6542411,-67,X
6542411,-68,X
6542411,-69,X
6542411,-70,X
6542411,-71,X
6542411,-72,X
6542411,-73,X
6542411,-74,X
6542411,-75,X
6542411,-76,X
6542411,-77,X
6542411,-78,X
6542411,-79,X
6542411,-80,X
6542411,-81,X
6542411,-82,X
6542411,-83,X
6542412,-11,X
6542412,-12,X
6542412,-13,X
6542412,-14,X
6542412,-15,X
6542412,-16,X
6542412,-17,X
6542412,-18,X
6542412,-19,X
6542412,-20,X
6542412,-21,X
6542412,-22,X
6542412,-23,X
6542412,-24,X
6542412,-25,X
6542412,-26,X
6542412,-27,X
6542412,-28,X
6542412,-29,X
6542412,-30,X
6542412,-31,X
6542412,-32,X
6542412,-33,X
6542412,-34,X
6542412,-35,X
6542412,-36,X
6542412,-37,X
6542412,-38,X
6542412,-39,X
6542412,-40,X
6542412,-41,X
6542412,-42,X
6542412,-43,X
6542412,-44,X
6542412,-45,X
6542412,-46,X
6542412,-47,X
6542412,-48,X
6542412,-49,X
6542412,-50,X
6542412,-51,X
6542412,-52,X
6542412,-53,X
6542412,-54,X
6542412,-55,X
6542412,-56,X
6542412,-57,X
6542412,-58,X
6542412,-59,X
6542412,-60,X
6542412,-61,X
6542412,-62,X
6542412,-63,X
6542412,-64,X
6542412,-65,X
6542412,-66,X
6542412,-67,X
6542412,-68,X
6542412,-69,X
6542412,-70,X
6542412,-71,X
6542412,-72,X
6542412,-73,X
6542414,0,0
6542414,-1,0
6542414,-2,0
6542414,-3,0
6542414,-4,0
6542414,-5,0
6542414,-6,0
6542414,-7,0
6542414,-8,0
6542414,-9,0
6542414,-10,0
6542414,-11,0
6542414,-12,0
6542414,-13,0
6542414,-14,0
6542414,-15,0
6542414,-16,0
6542414,-17,0
6542414,-18,0
6542414,-19,0
6542414,-20,0
6542414,-21,0
6542414,-22,0
6542414,-23,0
6542414,-24,0
6542414,-25,0
6542414,-26,0
6542414,-27,0
6542414,-28,0
6542414,-29,0
6542414,-30,0
6542414,-31,0
6542414,-32,0
6542414,-33,0
6542414,-34,0
6542414,-35,0
6542414,-36,0
6542414,-37,0
6542414,-38,0
6542415,0,0
6542415,-1,0
6542415,-2,0
6542415,-3,X
6574537,0,X
6574537,-1,X
6574537,-2,X
6574537,-3,X
6574537,-4,X
6574537,-5,X
6574537,-6,X
6574537,-7,X
6574537,-8,X
6574537,-9,X
6574537,-10,X
6574537,-11,X
6574537,-12,X
6574537,-13,X
6574537,-14,X
6574537,-15,X
6574537,-16,X
6574537,-17,X
6574537,-18,X
6574537,-19,X
6574537,-20,X
6574538,0,0
6574538,-1,0
6574538,-2,0
6574538,-3,0
6574538,-4,0
6574538,-5,0
6574538,-6,0
6574538,-7,0
6574538,-8,0
6574538,-9,0
6574538,-10,0
6574538,-11,1
6574538,-12,0
6574538,-13,0
6574538,-14,0
6574538,-15,0
6574538,-16,0
6574538,-17,0
6574538,-18,0
6574539,0,X
6574539,-1,0
6574539,-2,0
6574539,-3,0
6574539,-4,0
6574539,-5,0
6574539,-6,0
6574539,-7,0
6574539,-8,0
6574539,-9,0
6574539,-10,0
6574539,-11,0
6574539,-12,0
6574539,-13,0
6574540,0,0
6574540,-1,0
6574540,-2,0
6574540,-3,0
6574540,-4,0
6574540,-5,0
6574540,-6,0
6574540,-7,0
6574540,-8,0
6574540,-9,0
6574540,-10,0
6574540,-11,0
6574540,-12,0
6574540,-13,0
6574540,-14,0
6574540,-15,0
6574540,-16,0
6574540,-17,0
6574540,-18,0
6574540,-19,0
6574540,-20,0
6574541,0,0
6574541,-1,0
6574541,-2,0
6574541,-3,0
6574541,-4,0
6574541,-5,0
6574541,-6,0
6574541,-7,0
6574541,-8,0
6574541,-9,0
6574541,-10,0
6574541,-11,0
6574541,-12,0
6574541,-13,0
6574541,-14,0
6574541,-15,0
6574541,-16,0
6574541,-17,0
6574541,-18,0
6574541,-19,0
6574541,-20,0
6574542,0,0
6574542,-1,0
6574542,-2,0
6574542,-3,0
6574542,-4,0
6574542,-5,0
6574542,-6,0
6574542,-7,0
6574542,-8,0
6574542,-9,0
6574542,-10,0
6574542,-11,0
6574542,-12,0
6574542,-13,0
6574542,-14,0
6574542,-15,0
6574542,-16,0
6574542,-17,0
6574542,-18,0
6574542,-19,0
6574542,-20,0
6574542,-21,0
6574543,0,C
6574543,-1,C
6574543,-2,C
6574543,-3,C
6574543,-4,C
6574543,-5,C
6574543,-6,C
6574543,-7,C
6574543,-8,C
6574543,-9,C
6574543,-10,C
6574543,-11,C
6574543,-12,C
6574543,-13,C
6574543,-14,C
6574543,-15,C
6574543,-16,C
6574543,-17,C
6574543,-18,C
6574543,-19,C
6574543,-20,C
6574543,-21,C
6574543,-22,C
6574543,-23,C
6574543,-24,C
6574543,-25,C
6574543,-26,C
6574543,-27,C
6574543,-28,C
6574543,-29,C
6574543,-30,C
6574543,-31,C
6574543,-32,0
6574543,-33,0
6574543,-34,0
6574543,-35,0
6574543,-36,0
6574543,-37,0
6574543,-38,0
6574543,-39,0
6574543,-40,0
6574543,-41,0
6574543,-42,0
6574543,-43,0
5708257,0,0
5708257,-1,0
5708257,-2,0
5708257,-3,0
5708257,-4,0
5708257,-5,X
5708258,0,0
5708258,-1,0
5708258,-2,0
5708258,-3,0
5708258,-4,0
5708258,-5,0
5708258,-6,0
5708258,-7,0
5708258,-8,0
5708258,-9,0
5708258,-10,0
5708258,-11,0
5708258,-12,0
5708258,-13,0
5708258,-14,0
5708258,-15,0
6547738,0,C
6547738,-1,C
6547739,0,C
6547739,-1,C
6547740,0,C
6547740,-1,C
6547740,-2,C
6547741,0,C
6547741,-1,C
6547741,-2,C
6547741,-3,C
6547742,0,C
6547742,-1,C
6547742,-2,C
6547742,-3,C
6547742,-4,C
6547742,-5,C
6547742,-6,C
6547742,-7,C
6547742,-8,C
6547742,-9,C
6547742,-10,C
6547742,-11,C
6547742,-12,C
6547742,-13,C
6547742,-14,C
6547742,-15,C
6547742,-16,C
6547742,-17,C
6547742,-18,C
6547742,-19,0
6547742,-20,0
6547742,-21,0
6547742,-22,0
6547742,-23,0
6547742,-24,0
6547742,-25,0
6547742,-26,0
6547742,-27,0
6547742,-28,0
6547742,-29,0
6547742,-30,0
6547743,0,X
5790109,0,X
5790109,-1,X
5790109,-2,X
5790109,-3,X
5790109,-4,X
5790109,-5,X
5790109,-6,X
5790109,-7,X
5790110,0,X
5790110,-1,X
5790110,-2,X
5790110,-3,X
5790110,-4,X
5790110,-5,X
5790110,-6,X
5790110,-7,X
5790110,-8,X
5790110,-9,X
5790110,-10,X
5790110,-11,X
5790110,-12,X
5790110,-13,X
5790110,-14,X
5790110,-15,X
5790110,-16,X
5790110,-17,X
5790110,-18,X
5790110,-19,X
5790110,-20,X
5790110,-21,X
5790110,-22,X
5790110,-23,X
5790110,-24,X
5790110,-25,X
5790110,-26,X
5790110,-27,X
5790110,-28,X
5790110,-29,X
5790110,-30,X
5790110,-31,X
5790110,-32,X
5790110,-33,X
5790110,-34,X
5790110,-35,X
5790110,-36,X
5790110,-37,X
5790110,-38,X
5790110,-39,X
5790110,-40,X
5790110,-41,X
5790110,-42,X
5790110,-43,X
5790110,-44,X
5790110,-45,X
5790110,-46,X
5790110,-47,X
5790110,-48,X
5790110,-49,X
5790110,-50,X
5790110,-51,X
5790110,-52,X
5790111,0,X
5790111,-1,X
5790111,-2,X
5790111,-3,X
5790111,-4,X
5790111,-5,X
5790111,-6,X
5790111,-7,X
5790111,-8,X
5790111,-9,X
5790111,-10,X
5790111,-11,X
5790111,-12,X
5790111,-13,X
5790111,-14,X
5790111,-15,X
5790111,-16,X
5790111,-17,X
5790111,-18,X
5790111,-19,X
5790111,-20,X
5790111,-21,X
5790111,-22,X
5790111,-23,X
5790111,-24,X
5790111,-25,X
5790111,-26,X
5790111,-27,X
5790111,-28,X
5790111,-29,X
5790111,-30,X
5790111,-31,X
5790111,-32,X
5790111,-33,X
5790111,-34,X
5790111,-35,X
5790111,-36,X
5790111,-37,X
5790111,-38,X
5790111,-39,X
5790111,-40,X
5790111,-41,X
5790111,-42,X
5790111,-43,X
5790111,-44,X
5790111,-45,X
5790111,-46,X
5790111,-47,X
5790111,-48,X
5790111,-49,X
5790111,-50,X
5790111,-51,X
5790111,-52,X
5790111,-53,X
5790111,-54,X
5790111,-55,X
5790111,-56,X
5790111,-57,X
5790111,-58,X
5790111,-59,X
5790111,-60,X
5790111,-61,X
5790111,-62,X
5790111,-63,X
5790111,-64,X
5790111,-65,X
5790111,-66,X
5790111,-67,X
5790111,-68,X
5790111,-69,X
5790111,-70,X
5790111,-71,X
5790111,-72,X
5790111,-73,X
5790111,-74,X
5790111,-75,X
5790111,-76,X
5790111,-77,X
5790111,-78,X
5790111,-79,X
5790111,-80,X
5790111,-81,X
5790111,-82,X
5790111,-83,X
5790111,-84,X
5790112,-1,X
5790112,-2,X
5790112,-3,X
5790112,-4,X
5790112,-5,X
5790112,-6,X
5790112,-7,X
5790112,-8,X
5790112,-9,X
5790112,-10,X
5790112,-11,X
5790112,-12,X
5790112,-13,X
5790112,-14,X
5790112,-15,X
5790112,-16,X
5790112,-17,X
5790112,-18,X
5790112,-19,X
5790112,-20,X
5790112,-21,X
5790112,-22,X
5790112,-23,X
5790112,-24,X
5790112,-25,X
5790112,-26,X
5790112,-27,X
5790112,-28,X
5790112,-29,X
5790112,-30,X
5790112,-31,X
5790112,-32,X
5790112,-33,X
5790112,-34,X
5790112,-35,X
5790112,-36,X
5790112,-37,X
5790112,-38,X
5790112,-39,X
5790112,-40,X
5790112,-41,X
5790112,-42,X
5790112,-43,X
5790112,-44,X
5790112,-45,X
5790112,-46,X
5790112,-47,X
5790112,-48,X
5790112,-49,X
5790112,-50,X
5790112,-51,X
5790112,-52,X
5790112,-53,X
5790112,-54,X
5790112,-55,X
5790112,-56,X
5790112,-57,X
5790112,-58,X
5790112,-59,X
5790112,-60,X
5790112,-61,X
5790112,-62,X
5790112,-63,X
5790112,-64,X
5790112,-65,X
5790112,-66,X
5790112,-67,X
5790112,-68,X
5790112,-69,X
5790112,-70,X
5790112,-71,X
5790112,-72,X
5790112,-73,X
5790112,-74,X
5790112,-75,X
5790112,-76,X
5790112,-77,X
5790112,-78,X
5790112,-79,X
5790112,-80,X
5790112,-81,X
5790112,-82,X
5790113,0,X
5790113,-1,0
5790113,-2,0
5790113,-3,0
5790113,-4,0
5790113,-5,0
5790113,-6,0
5790113,-7,0
5790113,-8,0
5790113,-9,0
5790113,-10,0
5790113,-11,0
5790113,-12,0
5790113,-13,0
5790113,-14,0
5790113,-15,0
5790113,-16,0
5790113,-17,0
5790113,-18,0
5790113,-19,0
5790113,-20,0
5790113,-21,0
5790113,-22,0
5790113,-23,0
5790113,-24,0
5790113,-25,0
5790113,-26,0
5790113,-27,0
5790113,-28,0
5790113,-29,0
5790113,-30,0
5790113,-31,0
5790113,-32,0
5790113,-33,0
5790113,-34,0
5790113,-35,0
5790113,-36,0
5790113,-37,0
5790113,-38,X
5790114,0,0
5790114,-1,0
5790114,-2,0
5790114,-3,0
5790114,-4,0
5790115,0,C
5790115,-1,C
5790115,-2,C
5790115,-3,C
5790115,-4,0
5790115,-5,0
5790115,-6,0
5790115,-7,0
5790115,-8,0
5790115,-9,0
5790115,-10,0
5790115,-11,0
5790115,-12,0
5790115,-13,0
5790116,0,C
5790116,-1,C
5790116,-2,C
5790116,-3,C
5790116,-4,C
5790116,-5,C
5790116,-6,C
5790116,-7,C
5790116,-8,C
5790116,-9,C
5790116,-10,C
5790116,-11,C
5790116,-12,C
5790116,-13,C
5790116,-14,C
5790116,-15,0
5790116,-16,0
5790116,-17,0
5790116,-18,0
5790116,-19,0
5790116,-20,1
5790116,-21,0
5790116,-22,0
5790116,-23,0
5790116,-24,0
5790117,0,C
5790117,-1,C
5790117,-2,C
5790117,-3,C
5790117,-4,C
5790117,-5,C
5790117,-6,C
5790117,-7,C
5790117,-8,C
5790117,-9,C
5790117,-10,C
5790117,-11,C
5790117,-12,C
5790117,-13,C
5790117,-14,C
5790117,-15,C
5790117,-16,C
5790117,-17,C
5790117,-18,C
5790117,-19,C
5790117,-20,C
5790117,-21,C
5790117,-22,C
5790117,-23,0
5790117,-24,0
5790117,-25,0
5790117,-26,0
5790118,0,C
5790118,-1,C
5790118,-2,C
5790118,-3,C
5790118,-4,C
5790118,-5,C
5790118,-6,C
5790118,-7,C
5790118,-8,C
5790118,-9,0
5790118,-10,0
5790118,-11,0
5790118,-12,0
5790118,-13,0
5790118,-14,0
5790118,-15,0
5790118,-16,0
5790118,-17,0
5790118,-18,0
5790118,-19,0
5790118,-20,0
5790118,-21,0
5790118,-22,0
5790118,-23,0
5790118,-24,0
5790118,-25,0
5790118,-26,0
5790118,-27,0
5790118,-28,0
5790118,-29,0
5790118,-30,0
5790118,-31,0
5790118,-32,0
5790118,-33,0
5790118,-34,0
5790118,-35,0
5790118,-36,0
5790118,-37,0
5790118,-38,0
5790118,-39,0
5790118,-40,0
5790118,-41,0
5790118,-42,0
5790118,-43,0
5790118,-44,0
5790118,-45,0
5790119,0,C
5790119,-1,C
5790119,-2,C
5790119,-3,C
5790119,-4,C
5790119,-5,C
5790119,-6,C
5790119,-7,C
5790119,-8,C
5790119,-9,C
5790119,-10,C
5790119,-11,C
5790119,-12,C
5790119,-13,C
5790119,-14,C
5790119,-15,C
5790119,-16,C
5790119,-17,C
5790119,-18,C
5790119,-19,C
5790119,-20,C
5790119,-21,C
5790119,-22,C
5790119,-23,C
5790119,-24,C
5790119,-25,C
5790119,-26,C
5790119,-27,C
5790119,-28,C
5790119,-29,C
5790119,-30,C
5790119,-31,C
5790119,-32,C
5790119,-33,C
5790119,-34,C
5790119,-35,C
5790119,-36,C
5790119,-37,C
5790119,-38,C
5790119,-39,C
5790119,-40,C
5790119,-41,C
5790119,-42,C
5790119,-43,C
5790119,-44,C
5790119,-45,C
5790119,-46,C
5790119,-47,C
5790119,-48,C
5790119,-49,C
5790119,-50,C
5790119,-51,C
5790119,-52,C
5790119,-53,C
5790119,-54,C
5790119,-55,C
5790119,-56,C
5790119,-57,C
5790119,-58,C
5790119,-59,C
5790119,-60,C
5790119,-61,C
5790119,-62,C
5790119,-63,C
5790119,-64,C
5790119,-65,C
5790119,-66,C
5790119,-67,C
5790119,-68,C
5790119,-69,C
5790119,-70,C
5790119,-71,C
5790119,-72,C
5790119,-73,C
5790119,-74,1
5790119,-75,0
5790119,-76,0
5790119,-77,0
6580083,-1,X
6580083,-2,X
6580083,-3,X
6580083,-4,X
6580083,-5,X
6580083,-6,X
6580083,-7,X
6580083,-8,X
6580083,-9,X
6580083,-10,X
6580083,-11,X
6580083,-12,X
6580083,-13,X
6580083,-14,X
6580083,-15,X
6580083,-16,X
6580083,-17,X
6580083,-18,X
6580083,-19,X
6580083,-20,X
6580083,-21,X
6580083,-22,X
6580084,0,X
6580084,-1,X
6580084,-2,X
6580084,-3,X
6580084,-4,X
6580084,-5,X
6580084,-6,X
6580084,-7,X
6580084,-8,X
6580084,-9,X
6580084,-10,X
6580084,-11,X
6580084,-12,X
6580084,-13,X
6580084,-14,X
6580084,-15,X
6580084,-16,X
6580084,-17,X
6580084,-18,X
6580084,-19,X
6580084,-20,X
6580085,0,C
6580085,-1,C
6580085,-2,C
6580085,-3,C
6580085,-4,C
6580085,-5,C
6580085,-6,C
6580085,-7,C
6580085,-8,C
6580085,-9,C
6580085,-10,C
6580085,-11,C
6580085,-12,C
6580085,-13,C
6580085,-14,C
6580085,-15,C
6580085,-16,C
6580085,-17,C
6580085,-18,C
6580085,-19,C
6580085,-20,C
6580085,-21,C
6580085,-22,C
6580085,-23,C
6580085,-24,C
6580085,-25,C
6580085,-26,C
6580085,-27,C
6580085,-28,C
6580085,-29,C
6580085,-30,C
6580085,-31,C
6580085,-32,C
6580085,-33,C
6580085,-34,C
6580085,-35,C
6580085,-36,C
6580085,-37,C
6580085,-38,C
6580085,-39,C
6580085,-40,C
6580085,-41,C
6580085,-42,C
6580085,-43,C
6580085,-44,C
6580085,-45,C
6580085,-46,C
6580085,-47,C
6580085,-48,C
6580085,-49,C
6580085,-50,C
6580085,-51,C
6580085,-52,C
6580085,-53,C
6580085,-54,C
6580085,-55,C
6580085,-56,X
6580085,-57,X
6580085,-58,X
6580085,-59,X
6580085,-60,X
6580085,-61,X
6580085,-62,X
6580085,-63,X
6580085,-64,X
6580085,-65,X
6580085,-66,X
6580085,-67,X
6580085,-68,X
6580086,0,C
6580086,-1,C
6580086,-2,C
6580086,-3,C
6580086,-4,C
6580086,-5,C
6580086,-6,C
6580086,-7,C
6580086,-8,C
6580086,-9,C
6580086,-10,C
6580086,-11,C
6580086,-12,C
6580086,-13,C
6580086,-14,C
6580086,-15,C
6580086,-16,X
6580086,-17,0
6580086,-18,0
6580086,-19,X
6580086,-20,X
6580086,-21,0
6580086,-22,0
6580087,0,C
6580087,-1,C
6580087,-2,C
6580087,-3,C
6580087,-4,C
6580087,-5,C
6580087,-6,C
6580087,-7,C
6580087,-8,C
6580087,-9,C
6580087,-10,C
6580087,-11,C
6580087,-12,C
6580087,-13,C
6580087,-14,C
6580087,-15,C
6580087,-16,C
6580087,-17,C
6580087,-18,C
6580087,-19,C
6580087,-20,C
6580087,-21,C
6580087,-22,C
6580087,-23,C
6580087,-24,C
6580087,-25,C
6580087,-26,C
6580087,-27,C
6580087,-28,C
6580087,-29,X
6580087,-30,0
6580087,-31,0
6580087,-32,0
6580087,-33,X
6580087,-34,0
6580087,-35,0
6580087,-36,X
6580088,0,C
6580088,-1,C
6580088,-2,C
6580088,-3,C
6580088,-4,0
6580088,-5,X
6580088,-6,0
6580088,-7,X
6580088,-8,0
6580088,-9,X
6580088,-10,0
6580088,-11,0
6580088,-12,0
6580088,-13,X
6580088,-14,0
6580088,-15,X
6580088,-16,0
6580088,-17,0
6580088,-18,X
6580088,-19,X
6580088,-20,0
6580088,-21,0
6580088,-22,X
6580088,-23,0
6580088,-24,X
6580088,-25,0
6580088,-26,X
6580088,-27,0
6580088,-28,X
6580088,-29,0
6580088,-30,0
6580088,-31,0
6580088,-32,X
6580088,-33,0
6580088,-34,X
6580088,-35,0
6580088,-36,X
6580088,-37,0
6580088,-38,X
6580088,-39,X
6580088,-40,X
6580088,-41,0
6580088,-42,X
6580089,0,C
6580089,-1,C
6580089,-2,C
6580089,-3,C
6580089,-4,C
6580089,-5,C
6580089,-6,C
6580089,-7,C
6580089,-8,C
6580089,-9,C
6580089,-10,C
6580089,-11,C
6580089,-12,C
6580089,-13,C
6580089,-14,C
6580089,-15,C
6580089,-16,C
6580089,-17,C
6580089,-18,C
6580089,-19,C
6580089,-20,C
6580089,-21,C
6580089,-22,C
6580089,-23,C
6580089,-24,C
6580089,-25,C
6580089,-26,C
6580089,-27,C
6580089,-28,C
6580089,-29,C
6580089,-30,C
6580089,-31,C
6580089,-32,C
6580089,-33,C
6580089,-34,C
6580089,-35,C
6580089,-36,C
6580089,-37,C
6580089,-38,C
6580089,-39,C
6580089,-40,C
6580089,-41,C
6580089,-42,C
6580089,-43,C
6580089,-44,X
6580089,-45,0
6580089,-46,0
6580089,-47,X
6580089,-48,0
6580089,-49,0
6580089,-50,0
6580089,-51,0
6580089,-52,0
6580089,-53,0
6580089,-54,0
6580089,-55,0
6580089,-56,0
6580090,0,X
6580090,-1,X
6580090,-2,X
6580090,-3,X
6580090,-4,X
6580090,-5,X
6580090,-6,X
6580090,-7,X
6580090,-8,X
6580090,-9,X
6580090,-10,X
6580090,-11,X
6580090,-12,X
6580090,-13,X
6580090,-14,X
6580090,-15,X
6580090,-16,X
6580090,-17,X
6580090,-18,X
6580090,-19,0
6580090,-20,X
6580090,-21,0
6580090,-22,X
6580090,-23,X
6580090,-24,X
6580090,-25,X
6580090,-26,X
6580090,-27,0
6580090,-28,X
6580090,-29,X
6580090,-30,X
6580090,-31,X
6580090,-32,X
6580090,-33,X
6580090,-34,X
6580090,-35,X
6580090,-36,X
6580090,-37,X
6580090,-38,X
6580090,-39,X
6580090,-40,X
6580090,-41,X
6580090,-42,X
6580090,-43,X
6580090,-44,X
6580090,-45,X
6580090,-46,X
6580090,-47,0
6580090,-48,0
6580090,-49,0
6580090,-50,0
6580090,-51,0
6580090,-52,1
6580090,-53,0
6580091,0,X
6580091,-1,0
6580091,-2,0
6580091,-3,0
6580091,-4,0
6580091,-5,X
6580091,-6,X
6580092,0,C
6580092,-1,C
6580092,-2,C
6580092,-3,C
6580092,-4,C
6580092,-5,C
6580092,-6,C
6580092,-7,C
6580092,-8,C
6580092,-9,C
6580092,-10,C
6580092,-11,C
6580092,-12,C
6580092,-13,C
6580092,-14,C
6580092,-15,C
6580092,-16,C
6580092,-17,C
6580092,-18,C
6580092,-19,C
6580092,-20,C
6580092,-21,C
6580092,-22,0
6580092,-23,0
6580092,-24,0
6580092,-25,0
6580092,-26,0
6580092,-27,0
5902585,0,X
5902585,-1,X
5902585,-2,X
5902585,-3,X
5902585,-4,X
5902585,-5,X
5902585,-6,X
5902585,-7,X
5902585,-8,X
5902585,-9,X
5902585,-10,X
5902585,-11,X
5902585,-12,X
5902585,-13,X
5902585,-14,X
5902585,-15,X
5902585,-16,X
5902585,-17,X
5902585,-18,X
5902585,-19,X
5902585,-20,X
5902585,-21,X
5902585,-22,X
5902585,-23,X
5902585,-24,X
5902585,-25,X
5902585,-26,X
5902585,-27,X
5902585,-28,X
5902585,-29,X
5902585,-30,X
5902585,-31,X
5902585,-32,X
5902585,-33,X
5902585,-34,X
5902585,-35,X
5902585,-36,X
5902585,-37,X
5902585,-38,X
5902585,-39,X
5902585,-40,X
5902585,-41,X
5902585,-42,X
5902585,-43,X
5902585,-44,X
5902585,-45,X
5902585,-46,X
5902585,-47,X
5902585,-48,X
5902585,-49,X
5902585,-50,X
5902585,-51,X
5902585,-52,X
5902585,-53,X
5902585,-54,X
5902585,-55,X
5902585,-56,X
5902585,-57,X
5902585,-58,X
5902585,-59,X
5902585,-60,X
5902585,-61,X
5902585,-62,X
5902585,-63,X
5902585,-64,X
5902585,-65,X
5902589,0,C
5902589,-1,C
5902589,-2,C
5902589,-3,C
5902589,-4,C
5902589,-5,C
5902589,-6,C
5902589,-7,C
5902589,-8,C
5902589,-9,C
5902589,-10,C
5902589,-11,C
5902589,-12,C
5902589,-13,C
5902589,-14,C
5902589,-15,C
5902589,-16,C
5902589,-17,C
5902589,-18,C
5902589,-19,C
5902589,-20,C
5902589,-21,C
5902589,-22,C
5902589,-23,C
5902589,-24,C
5902589,-25,C
5902589,-26,C
5902589,-27,C
5902589,-28,C
5902589,-29,C
5902589,-30,C
5902589,-31,C
5902589,-32,C
5902589,-33,C
5902589,-34,C
5902589,-35,C
5902589,-36,C
5902589,-37,C
5902589,-38,C
5902589,-39,C
5902589,-40,C
5902589,-41,C
5902589,-42,C
5902589,-43,C
5902589,-44,C
5902589,-45,C
5902589,-46,0
5902589,-47,0
5902589,-48,0
5902589,-49,0
5902589,-50,0
5902589,-51,0
5902589,-52,0
5902589,-53,0
5902589,-54,0
5902589,-55,0
5892290,-16,X
5892290,-17,1
5892290,-18,0
5892290,-19,1
5892290,-20,0
5892291,-12,X
5892291,-13,1
5892291,-14,0
5892291,-15,1
5892291,-16,0
5795752,0,C
5795752,-1,C
5795752,-2,C
5795752,-3,C
5795752,-4,C
5795752,-5,C
5795752,-6,C
5795752,-7,C
5795752,-8,C
5795752,-9,C
5795752,-10,C
5795752,-11,C
5795752,-12,C
5795752,-13,C
5795752,-14,C
5795752,-15,C
5795752,-16,C
5795752,-17,C
5795752,-18,C
5795752,-19,C
5795752,-20,C
5795752,-21,0
5795752,-22,0
5795752,-23,0
5795752,-24,0
5795752,-25,0
5795752,-26,0
5795752,-27,0
5915870,0,C
5915870,-1,C
5915870,-2,C
5915870,-3,C
5915870,-4,C
5915870,-5,C
5915870,-6,C
5915870,-7,C
5915870,-8,C
5915870,-9,C
5915870,-10,C
5915870,-11,C
5915870,-12,C
5915870,-13,C
5915870,-14,C
5915870,-15,C
5915870,-16,C
5915870,-17,C
5915870,-18,C
5915870,-19,C
5915870,-20,C
5915870,-21,C
5915870,-22,C
5915870,-23,C
5915870,-24,C
5915870,-25,C
5915870,-26,C
5915870,-27,C
5915870,-28,C
5915870,-29,C
5915870,-30,C
5915870,-31,C
5915870,-32,C
5915870,-33,C
5915870,-34,C
5915870,-35,C
5915870,-36,C
5915870,-37,C
5915870,-38,C
5915870,-39,C
5915870,-40,C
5915870,-41,C
5915870,-42,C
5915870,-43,C
5915870,-44,C
5915870,-45,C
5915870,-46,C
5915870,-47,C
5915870,-48,C
5915870,-49,C
5915870,-50,C
5915870,-51,C
5915870,-52,C
5915870,-53,C
5915870,-54,C
5915870,-55,C
5915870,-56,C
5915870,-57,C
5915870,-58,C
5915870,-59,C
5915870,-60,C
5915870,-61,C
5915870,-62,C
5915870,-63,C
5915870,-64,C
5915870,-65,C
5915870,-66,C
5915870,-67,C
5915870,-68,C
5915870,-69,C
5915870,-70,C
5915870,-71,C
5915870,-72,C
5915870,-73,C
5915870,-74,C
5915870,-75,C
5915870,-76,C
5915870,-77,0
5915870,-78,0
5915870,-79,0
5915870,-80,0
5915870,-81,0
5915870,-82,0
5884489,0,0
5884489,-1,0
5884489,-2,0
5884489,-3,0
5884489,-4,0
5884489,-5,0
5884489,-6,0
5884489,-7,0
5884489,-8,0
5884489,-9,0
5884489,-10,0
5884489,-11,0
5884489,-12,0
5884489,-13,0
5884489,-14,0
5884489,-15,0
5884489,-16,0
5884489,-17,0
5884489,-18,0
5884489,-19,0
5884489,-20,0
5884489,-21,0
5884489,-22,0
5884489,-23,0
5884489,-24,0
5884489,-25,0
5884489,-26,0
5884489,-27,0
5884490,0,0
5884490,-1,0
5884490,-2,0
5884490,-3,0
5884490,-4,0
5884490,-5,0
5884490,-6,0
5884490,-7,0
5884490,-8,0
5884490,-9,0
5884490,-10,0
5884490,-11,0
5884490,-12,0
5884490,-13,0
5884490,-14,0
5884490,-15,0
5884490,-16,0
5884490,-17,0
5884490,-18,0
5884490,-19,0
5884490,-20,0
5884490,-21,0
5884490,-22,0
5884490,-23,0
5884490,-24,0
5884490,-25,0
5884490,-26,0
5884490,-27,0
5884491,0,0
5884491,-1,0
5884491,-2,0
5884491,-3,0
5884491,-4,0
5884491,-5,0
5884491,-6,0
5884491,-7,0
5884491,-8,0
5884491,-9,0
5884491,-10,0
5884491,-11,0
5884491,-12,0
5884491,-13,0
5884491,-14,0
5884491,-15,0
5884491,-16,0
5884491,-17,0
5884491,-18,0
5884491,-19,0
5884491,-20,0
5884491,-21,0
5884491,-22,0
5884491,-23,0
5884491,-24,0
5884491,-25,0
5884491,-26,0
5884491,-27,0
5884491,-28,0
5884491,-29,0
5884491,-30,0
5884491,-31,0
5884491,-32,0
5902586,0,X
5902586,-1,X
5902586,-2,X
5902586,-3,X
5902586,-4,X
5902586,-5,X
5902586,-6,X
5902586,-7,X
5902586,-8,X
5902586,-9,X
5902586,-10,X
5902586,-11,X
5902586,-12,X
5902586,-13,X
5902586,-14,X
5902586,-15,X
5902586,-16,X
5902586,-17,X
5902586,-18,X
5902586,-19,X
5902586,-20,X
5902586,-21,X
5902586,-22,X
5902586,-23,X
5902586,-24,X
5902586,-25,X
5902586,-26,X
5902586,-27,X
5902586,-28,X
5902586,-29,X
5902586,-30,X
5902586,-31,X
5902586,-32,X
5902586,-33,X
5902586,-34,X
5902586,-35,X
5902586,-36,X
5902586,-37,X
5902586,-38,X
5902586,-39,X
5902586,-40,X
5902586,-41,X
5902586,-42,X
5902586,-43,X
5902586,-44,X
5902586,-45,X
5902586,-46,X
5902586,-47,X
5902586,-48,X
5902586,-49,X
5902586,-50,X
5902586,-51,X
5902586,-52,X
5902586,-53,X
5902586,-54,X
5902586,-55,X
5902586,-56,X
5902586,-57,X
5902586,-58,X
5902586,-59,X
5902586,-60,X
5902586,-61,X
5902586,-62,X
5902587,0,C
5902587,-1,C
5902587,-2,C
5902587,-3,C
5902587,-4,C
5902587,-5,C
5902587,-6,C
5902587,-7,C
5902587,-8,C
5902587,-9,C
5902587,-10,C
5902587,-11,C
5902587,-12,C
5902587,-13,C
5902587,-14,C
5902587,-15,C
5902587,-16,C
5902587,-17,C
5902587,-18,C
5902587,-19,C
5902587,-20,C
5902587,-21,C
5902587,-22,C
5902587,-23,C
5902587,-24,C
5902587,-25,C
5902587,-26,C
5902587,-27,C
5902587,-28,C
5902587,-29,C
5902587,-30,C
5902587,-31,C
5902587,-32,C
5902587,-33,C
5902587,-34,C
5902587,-35,C
5902587,-36,C
5902587,-37,C
5902587,-38,C
5902587,-39,C
5902587,-40,C
5902587,-41,C
5902587,-42,C
5902587,-43,C
5902587,-44,C
5902587,-45,C
5902587,-46,C
5902587,-47,C
5902587,-48,C
5902587,-49,C
5902587,-50,C
5902587,-51,C
5902587,-52,C
5902587,-53,C
5902587,-54,C
5902587,-55,C
5902587,-56,C
5902587,-57,C
5902587,-58,C
5902587,-59,4
5902587,-60,3
5902587,-61,2
5902587,-62,1
5902587,-63,0
5902587,-64,0
5902587,-65,0
5902587,-66,0
5902587,-67,0
5902587,-68,0
5902587,-69,0
5902587,-70,0
5902587,-71,0
5902587,-72,0
5902587,-73,0
5902587,-74,0
5902587,-75,1
5902587,-76,0
5902587,-77,0
5902587,-78,3
5902587,-79,2
5902587,-80,1
5902587,-81,0
5902587,-82,0
5902587,-83,1
5902587,-84,0
5902587,-85,0
5902587,-86,0
5902587,-87,0
5902587,-88,0
5902587,-89,0
5902587,-90,0
5902587,-91,0
5902587,-92,0
5902588,0,X
5902588,-1,X
5902588,-2,X
5902588,-3,X
5902588,-4,X
5902588,-5,0
5902588,-6,0
5902588,-7,0
5902588,-8,0
5902588,-9,X
5902588,-10,0
5902588,-11,X
5902590,0,C
5902590,-1,C
5902590,-2,C
5902590,-3,C
5902590,-4,C
5902590,-5,C
5902590,-6,C
5902590,-7,C
5902590,-8,C
5902590,-9,C
5902590,-10,C
5902590,-11,C
5902590,-12,C
5902590,-13,C
5902590,-14,C
5902590,-15,C
5902590,-16,C
5902590,-17,C
5902590,-18,C
5902590,-19,C
5902590,-20,C
5902590,-21,C
5902590,-22,C
5902590,-23,C
5902590,-24,C
5902590,-25,C
5902590,-26,C
5902590,-27,C
5902590,-28,C
5902590,-29,C
5902590,-30,C
5902590,-31,C
5902590,-32,C
5902590,-33,C
5902590,-34,C
5902590,-35,C
5902590,-36,C
5902590,-37,C
5902590,-38,0
5902590,-39,0
5902590,-40,0
5902590,-41,0
5902590,-42,0
5902590,-43,0
5902590,-44,0
5902590,-45,0
5902590,-46,0
5902590,-47,0
5902591,0,C
5902591,-1,C
5902591,-2,C
5902591,-3,C
5902591,-4,C
5902591,-5,C
5902591,-6,C
5902591,-7,C
5902591,-8,C
5902591,-9,C
5902591,-10,C
5902591,-11,C
5902591,-12,C
5902591,-13,C
5902591,-14,C
5902591,-15,C
5902591,-16,C
5902591,-17,C
5902591,-18,C
5902591,-19,C
5902591,-20,C
5902591,-21,C
5902591,-22,C
5902591,-23,C
5902591,-24,C
5902591,-25,C
5902591,-26,C
5902591,-27,C
5902591,-28,C
5902591,-29,C
5902591,-30,C
5902591,-31,C
5902591,-32,C
5902591,-33,C
5902591,-34,C
5902591,-35,C
5902591,-36,C
5902591,-37,C
5902591,-38,C
5902591,-39,C
5902591,-40,C
5902591,-41,C
5902591,-42,C
5902591,-43,C
5902591,-44,C
5902591,-45,C
5902591,-46,0
5902591,-47,0
5902591,-48,0
5902591,-49,0
5902591,-50,0
5902591,-51,0
5902591,-52,0
5902591,-53,0
5902591,-54,0
5902591,-55,0
5902592,0,C
5902592,-1,C
5902592,-2,C
5902592,-3,C
5902592,-4,C
5902592,-5,C
5902592,-6,C
5902592,-7,C
5902592,-8,C
5902592,-9,C
5902592,-10,C
5902592,-11,C
5902592,-12,C
5902592,-13,C
5902592,-14,C
5902592,-15,C
5902592,-16,C
5902592,-17,C
5902592,-18,C
5902592,-19,C
5902592,-20,C
5902592,-21,C
5902592,-22,C
5902592,-23,C
5902592,-24,C
5902592,-25,C
5902592,-26,C
5902592,-27,C
5902592,-28,C
5902592,-29,C
5902592,-30,C
5902592,-31,C
5902592,-32,C
5902592,-33,C
5902592,-34,C
5902592,-35,C
5902592,-36,C
5902592,-37,0
5902592,-38,0
5902592,-39,0
5902592,-40,0
5902592,-41,0
5902592,-42,0
5902592,-43,0
5902592,-44,0
5902592,-45,0
5902592,-46,0
5902592,-47,0
5902592,-48,0
5902592,-49,0
5902592,-50,0
5902592,-51,0
5902592,-52,0
5902592,-53,0
5902592,-54,0
5902592,-55,0
5902592,-56,0
5902592,-57,0
5902592,-58,0
5902592,-59,0
5902592,-60,1
5902592,-61,1
5902592,-62,0
5902592,-63,0
5902592,-64,0
5902592,-65,0
5902592,-66,0
5902592,-67,0
5902592,-68,0
5902592,-69,0
5902592,-70,0
5902592,-71,0
5902592,-72,0
5902592,-73,0
5902592,-74,0
5902592,-75,0
5902592,-76,0
5902592,-77,0
5902592,-78,0
5902592,-79,0
5902592,-80,0
5902592,-81,0
5902592,-82,0
5902592,-83,0
5902592,-84,0
5902592,-85,0
5902592,-86,0
5902592,-87,0
5902592,-88,0
5902592,-89,0
5902592,-90,0
5902592,-91,0
5902592,-92,0
5902592,-93,0
5902592,-94,0
5902593,0,0
5902593,-1,0
5902593,-2,0
5902593,-3,0
5902593,-4,0
5902593,-5,0
5902593,-6,0
5902593,-7,0
5902593,-8,0
5902593,-9,0
5902593,-10,0
5902593,-11,0
5902593,-12,0
5902593,-13,0
5902593,-14,0
5902593,-15,X
5902594,0,C
5902594,-1,C
5902594,-2,C
5902594,-3,C
5902594,-4,C
5902594,-5,C
5902594,-6,C
5902594,-7,C
5902594,-8,C
5902594,-9,C
5902594,-10,C
5902594,-11,C
5902594,-12,C
5902594,-13,C
5902594,-14,C
5902594,-15,C
5902594,-16,C
5902594,-17,C
5902594,-18,C
5902594,-19,C
5902594,-20,C
5902594,-21,C
5902594,-22,C
5902594,-23,C
5902594,-24,C
5902594,-25,C
5902594,-26,C
5902594,-27,C
5902594,-28,0
5902594,-29,0
5902594,-30,0
5902594,-31,0
5902594,-32,0
5902594,-33,0
5902594,-34,0
5902594,-35,0
5902594,-36,0
5902594,-37,0
5798123,0,X
5798123,-1,X
5798123,-2,X
5798123,-3,X
5798123,-4,X
5798123,-5,X
5798123,-6,X
5798123,-7,X
5798123,-8,X
5798123,-9,X
5798123,-10,X
5798123,-11,X
5798123,-12,X
5798123,-13,X
5798123,-14,X
5798123,-15,X
5798123,-16,X
5798123,-17,X
5798123,-18,X
5798123,-19,X
5798123,-20,X
5798126,0,X
5798126,-1,X
5798126,-2,X
5798126,-3,X
5798126,-4,X
5798126,-5,X
5798126,-6,X
5798126,-7,X
5798126,-8,X
5798126,-9,X
5798126,-10,X
5798126,-11,X
5798126,-12,X
5798126,-13,X
5798126,-14,X
5798126,-15,X
5798126,-16,X
5798126,-17,X
5798126,-18,X
5798126,-19,X
5798126,-20,X
5798126,-21,X
5798126,-22,X
5798126,-23,X
5798126,-24,X
5798126,-25,X
5798126,-26,X
5798126,-27,X
5798126,-28,X
5798126,-29,X
5798126,-30,X
5798126,-31,X
5798126,-32,X
5798126,-33,X
5798126,-34,X
5798126,-35,X
5798126,-36,X
5798126,-37,X
5798126,-38,X
5798126,-39,X
5798126,-40,X
5798126,-41,X
5798126,-42,X
5798126,-43,X
5798126,-44,X
5798126,-45,X
5798126,-46,X
5798126,-47,X
5798126,-48,X
5798126,-49,X
5798126,-50,X
5798126,-51,X
5798126,-52,X
5798126,-53,X
5798126,-54,X
5798126,-55,X
5798126,-56,X
5798126,-57,X
5798126,-58,X
5798126,-59,X
5798126,-60,0
5798126,-61,1
5798126,-62,0
5798126,-63,0
5798126,-64,0
5798126,-65,0
5798126,-66,0
5798126,-67,0
5798126,-68,0
5798126,-69,0
5798126,-70,0
5798126,-71,0
5798126,-72,0
5798126,-73,0
5798126,-74,0
5798126,-75,0
5798126,-76,0
5798126,-77,0
5798126,-78,0
5798126,-79,0
5798126,-80,0
5798126,-81,0
5798126,-82,0
5798126,-83,0
5798126,-84,X
5798126,-85,X
6566321,0,0
